{"noiseKey":{"private":{"type":"Buffer","data":"wGfV9YajXJTfcbf+xY6LagFHtB/xUZzxM7RHz2Z5xVs="},"public":{"type":"Buffer","data":"NtRueGkAk7O7eRYr340jQ6opH5TDqQ5nxPupPM9lYX8="}},"pairingEphemeralKeyPair":{"private":{"type":"Buffer","data":"oMfyFlFZoQthrheL/CLPAQp7Apy+doDCfBXNuLdluGU="},"public":{"type":"Buffer","data":"AZ64SPBJT/yM95ufiqSPECxmNImIVCVCe13koSqpPk0="}},"signedIdentityKey":{"private":{"type":"Buffer","data":"AOsX3zCuSHqLwSkbJ/NxBZJa7ftTGQqYx2Es8A12m1A="},"public":{"type":"Buffer","data":"U4Ied2AP9FP/RfC0OReDL6G4fEJUiKVx8pNvlgqdrzY="}},"signedPreKey":{"keyPair":{"private":{"type":"Buffer","data":"MFs0A52vDjDX9LNsgz5X5bbe1Gx9rcFHKIVFS6f6BV0="},"public":{"type":"Buffer","data":"tGud0Xr3cCNqnnEPrbYMNLetB0u+yOIo4w37sYmrN18="}},"signature":{"type":"Buffer","data":"iCzPROUaI/ecy+3/7zCS+GBB1NED6MBCKu1DZMUBoxmktpWoyRNVgxhjxt97jHcakWdpNySSLmCAwqClElQjjg=="},"keyId":1},"registrationId":182,"advSecretKey":"2WiKVTKhbraNtOYf2fkPc8/FGyl4sliziBOsTZQtQo8=","processedHistoryMessages":[{"key":{"remoteJid":"263717153261@s.whatsapp.net","fromMe":true,"id":"0F6866B6A1E05815D2F737152109F415"},"messageTimestamp":1751785521}],"nextPreKeyId":31,"firstUnuploadedPreKeyId":31,"accountSyncCounter":0,"accountSettings":{"unarchiveChats":false},"registered":true,"pairingCode":"MJL11KWS","me":{"id":"263717153261:31@s.whatsapp.net","name":"Cʏʙᴇʀᴅᴏɢɢ︽","lid":"117034083995869:31@lid"},"account":{"details":"CMzU4qYEEKXAqMMGGAIgACgA","accountSignatureKey":"3ZKMM1rPdBo2WVawTugxkEKKmNRyIegqK+hJCFuisj4=","accountSignature":"YHI/mAwlCuliRElkHUoLnhMWt4O0OQ0Pg4fWBLo8mWNer6QRSE47vK4bN/d9pbhV18ZtskzBWNpuvxXLm7KzAQ==","deviceSignature":"sUcbWx2rFHCpvbO4XApoa/6pnPXgjUmH6sJvxJrJlGjyP2k2R1FOXa/DMf3jSzd2b/aBg9QPuc8P4lWFyV1RgQ=="},"signalIdentities":[{"identifier":{"name":"263717153261:31@s.whatsapp.net","deviceId":0},"identifierKey":{"type":"Buffer","data":"Bd2SjDNaz3QaNllWsE7oMZBCipjUciHoKivoSQhborI+"}}],"platform":"smba","routingInfo":{"type":"Buffer","data":"CA0IAg=="},"lastAccountSyncTimestamp":1751785512,"lastPropHash":"nm3Bb","myAppStateKeyId":"AAAAAN76"}